"Column Name","Label"
"GEO_ID","Geography"
"NAME","Geographic Area Name"
"S1501_C01_001E","Total!!Estimate!!Population 18 to 24 years"
"S1501_C01_001M","Total!!Margin of Error!!Population 18 to 24 years"
"S1501_C02_001E","Percent!!Estimate!!Population 18 to 24 years"
"S1501_C02_001M","Percent!!Margin of Error!!Population 18 to 24 years"
"S1501_C03_001E","Male!!Estimate!!Population 18 to 24 years"
"S1501_C03_001M","Male!!Margin of Error!!Population 18 to 24 years"
"S1501_C04_001E","Percent Male!!Estimate!!Population 18 to 24 years"
"S1501_C04_001M","Percent Male!!Margin of Error!!Population 18 to 24 years"
"S1501_C05_001E","Female!!Estimate!!Population 18 to 24 years"
"S1501_C05_001M","Female!!Margin of Error!!Population 18 to 24 years"
"S1501_C06_001E","Percent Female!!Estimate!!Population 18 to 24 years"
"S1501_C06_001M","Percent Female!!Margin of Error!!Population 18 to 24 years"
"S1501_C01_002E","Total!!Estimate!!Population 18 to 24 years!!Less than high school graduate"
"S1501_C01_002M","Total!!Margin of Error!!Population 18 to 24 years!!Less than high school graduate"
"S1501_C02_002E","Percent!!Estimate!!Population 18 to 24 years!!Less than high school graduate"
"S1501_C02_002M","Percent!!Margin of Error!!Population 18 to 24 years!!Less than high school graduate"
"S1501_C03_002E","Male!!Estimate!!Population 18 to 24 years!!Less than high school graduate"
"S1501_C03_002M","Male!!Margin of Error!!Population 18 to 24 years!!Less than high school graduate"
"S1501_C04_002E","Percent Male!!Estimate!!Population 18 to 24 years!!Less than high school graduate"
"S1501_C04_002M","Percent Male!!Margin of Error!!Population 18 to 24 years!!Less than high school graduate"
"S1501_C05_002E","Female!!Estimate!!Population 18 to 24 years!!Less than high school graduate"
"S1501_C05_002M","Female!!Margin of Error!!Population 18 to 24 years!!Less than high school graduate"
"S1501_C06_002E","Percent Female!!Estimate!!Population 18 to 24 years!!Less than high school graduate"
"S1501_C06_002M","Percent Female!!Margin of Error!!Population 18 to 24 years!!Less than high school graduate"
"S1501_C01_003E","Total!!Estimate!!Population 18 to 24 years!!High school graduate (includes equivalency)"
"S1501_C01_003M","Total!!Margin of Error!!Population 18 to 24 years!!High school graduate (includes equivalency)"
"S1501_C02_003E","Percent!!Estimate!!Population 18 to 24 years!!High school graduate (includes equivalency)"
"S1501_C02_003M","Percent!!Margin of Error!!Population 18 to 24 years!!High school graduate (includes equivalency)"
"S1501_C03_003E","Male!!Estimate!!Population 18 to 24 years!!High school graduate (includes equivalency)"
"S1501_C03_003M","Male!!Margin of Error!!Population 18 to 24 years!!High school graduate (includes equivalency)"
"S1501_C04_003E","Percent Male!!Estimate!!Population 18 to 24 years!!High school graduate (includes equivalency)"
"S1501_C04_003M","Percent Male!!Margin of Error!!Population 18 to 24 years!!High school graduate (includes equivalency)"
"S1501_C05_003E","Female!!Estimate!!Population 18 to 24 years!!High school graduate (includes equivalency)"
"S1501_C05_003M","Female!!Margin of Error!!Population 18 to 24 years!!High school graduate (includes equivalency)"
"S1501_C06_003E","Percent Female!!Estimate!!Population 18 to 24 years!!High school graduate (includes equivalency)"
"S1501_C06_003M","Percent Female!!Margin of Error!!Population 18 to 24 years!!High school graduate (includes equivalency)"
"S1501_C01_004E","Total!!Estimate!!Population 18 to 24 years!!Some college or associate's degree"
"S1501_C01_004M","Total!!Margin of Error!!Population 18 to 24 years!!Some college or associate's degree"
"S1501_C02_004E","Percent!!Estimate!!Population 18 to 24 years!!Some college or associate's degree"
"S1501_C02_004M","Percent!!Margin of Error!!Population 18 to 24 years!!Some college or associate's degree"
"S1501_C03_004E","Male!!Estimate!!Population 18 to 24 years!!Some college or associate's degree"
"S1501_C03_004M","Male!!Margin of Error!!Population 18 to 24 years!!Some college or associate's degree"
"S1501_C04_004E","Percent Male!!Estimate!!Population 18 to 24 years!!Some college or associate's degree"
"S1501_C04_004M","Percent Male!!Margin of Error!!Population 18 to 24 years!!Some college or associate's degree"
"S1501_C05_004E","Female!!Estimate!!Population 18 to 24 years!!Some college or associate's degree"
"S1501_C05_004M","Female!!Margin of Error!!Population 18 to 24 years!!Some college or associate's degree"
"S1501_C06_004E","Percent Female!!Estimate!!Population 18 to 24 years!!Some college or associate's degree"
"S1501_C06_004M","Percent Female!!Margin of Error!!Population 18 to 24 years!!Some college or associate's degree"
"S1501_C01_005E","Total!!Estimate!!Population 18 to 24 years!!Bachelor's degree or higher"
"S1501_C01_005M","Total!!Margin of Error!!Population 18 to 24 years!!Bachelor's degree or higher"
"S1501_C02_005E","Percent!!Estimate!!Population 18 to 24 years!!Bachelor's degree or higher"
"S1501_C02_005M","Percent!!Margin of Error!!Population 18 to 24 years!!Bachelor's degree or higher"
"S1501_C03_005E","Male!!Estimate!!Population 18 to 24 years!!Bachelor's degree or higher"
"S1501_C03_005M","Male!!Margin of Error!!Population 18 to 24 years!!Bachelor's degree or higher"
"S1501_C04_005E","Percent Male!!Estimate!!Population 18 to 24 years!!Bachelor's degree or higher"
"S1501_C04_005M","Percent Male!!Margin of Error!!Population 18 to 24 years!!Bachelor's degree or higher"
"S1501_C05_005E","Female!!Estimate!!Population 18 to 24 years!!Bachelor's degree or higher"
"S1501_C05_005M","Female!!Margin of Error!!Population 18 to 24 years!!Bachelor's degree or higher"
"S1501_C06_005E","Percent Female!!Estimate!!Population 18 to 24 years!!Bachelor's degree or higher"
"S1501_C06_005M","Percent Female!!Margin of Error!!Population 18 to 24 years!!Bachelor's degree or higher"
"S1501_C01_006E","Total!!Estimate!!Population 25 years and over"
"S1501_C01_006M","Total!!Margin of Error!!Population 25 years and over"
"S1501_C02_006E","Percent!!Estimate!!Population 25 years and over"
"S1501_C02_006M","Percent!!Margin of Error!!Population 25 years and over"
"S1501_C03_006E","Male!!Estimate!!Population 25 years and over"
"S1501_C03_006M","Male!!Margin of Error!!Population 25 years and over"
"S1501_C04_006E","Percent Male!!Estimate!!Population 25 years and over"
"S1501_C04_006M","Percent Male!!Margin of Error!!Population 25 years and over"
"S1501_C05_006E","Female!!Estimate!!Population 25 years and over"
"S1501_C05_006M","Female!!Margin of Error!!Population 25 years and over"
"S1501_C06_006E","Percent Female!!Estimate!!Population 25 years and over"
"S1501_C06_006M","Percent Female!!Margin of Error!!Population 25 years and over"
"S1501_C01_007E","Total!!Estimate!!Population 25 years and over!!Less than 9th grade"
"S1501_C01_007M","Total!!Margin of Error!!Population 25 years and over!!Less than 9th grade"
"S1501_C02_007E","Percent!!Estimate!!Population 25 years and over!!Less than 9th grade"
"S1501_C02_007M","Percent!!Margin of Error!!Population 25 years and over!!Less than 9th grade"
"S1501_C03_007E","Male!!Estimate!!Population 25 years and over!!Less than 9th grade"
"S1501_C03_007M","Male!!Margin of Error!!Population 25 years and over!!Less than 9th grade"
"S1501_C04_007E","Percent Male!!Estimate!!Population 25 years and over!!Less than 9th grade"
"S1501_C04_007M","Percent Male!!Margin of Error!!Population 25 years and over!!Less than 9th grade"
"S1501_C05_007E","Female!!Estimate!!Population 25 years and over!!Less than 9th grade"
"S1501_C05_007M","Female!!Margin of Error!!Population 25 years and over!!Less than 9th grade"
"S1501_C06_007E","Percent Female!!Estimate!!Population 25 years and over!!Less than 9th grade"
"S1501_C06_007M","Percent Female!!Margin of Error!!Population 25 years and over!!Less than 9th grade"
"S1501_C01_008E","Total!!Estimate!!Population 25 years and over!!9th to 12th grade, no diploma"
"S1501_C01_008M","Total!!Margin of Error!!Population 25 years and over!!9th to 12th grade, no diploma"
"S1501_C02_008E","Percent!!Estimate!!Population 25 years and over!!9th to 12th grade, no diploma"
"S1501_C02_008M","Percent!!Margin of Error!!Population 25 years and over!!9th to 12th grade, no diploma"
"S1501_C03_008E","Male!!Estimate!!Population 25 years and over!!9th to 12th grade, no diploma"
"S1501_C03_008M","Male!!Margin of Error!!Population 25 years and over!!9th to 12th grade, no diploma"
"S1501_C04_008E","Percent Male!!Estimate!!Population 25 years and over!!9th to 12th grade, no diploma"
"S1501_C04_008M","Percent Male!!Margin of Error!!Population 25 years and over!!9th to 12th grade, no diploma"
"S1501_C05_008E","Female!!Estimate!!Population 25 years and over!!9th to 12th grade, no diploma"
"S1501_C05_008M","Female!!Margin of Error!!Population 25 years and over!!9th to 12th grade, no diploma"
"S1501_C06_008E","Percent Female!!Estimate!!Population 25 years and over!!9th to 12th grade, no diploma"
"S1501_C06_008M","Percent Female!!Margin of Error!!Population 25 years and over!!9th to 12th grade, no diploma"
"S1501_C01_009E","Total!!Estimate!!Population 25 years and over!!High school graduate (includes equivalency)"
"S1501_C01_009M","Total!!Margin of Error!!Population 25 years and over!!High school graduate (includes equivalency)"
"S1501_C02_009E","Percent!!Estimate!!Population 25 years and over!!High school graduate (includes equivalency)"
"S1501_C02_009M","Percent!!Margin of Error!!Population 25 years and over!!High school graduate (includes equivalency)"
"S1501_C03_009E","Male!!Estimate!!Population 25 years and over!!High school graduate (includes equivalency)"
"S1501_C03_009M","Male!!Margin of Error!!Population 25 years and over!!High school graduate (includes equivalency)"
"S1501_C04_009E","Percent Male!!Estimate!!Population 25 years and over!!High school graduate (includes equivalency)"
"S1501_C04_009M","Percent Male!!Margin of Error!!Population 25 years and over!!High school graduate (includes equivalency)"
"S1501_C05_009E","Female!!Estimate!!Population 25 years and over!!High school graduate (includes equivalency)"
"S1501_C05_009M","Female!!Margin of Error!!Population 25 years and over!!High school graduate (includes equivalency)"
"S1501_C06_009E","Percent Female!!Estimate!!Population 25 years and over!!High school graduate (includes equivalency)"
"S1501_C06_009M","Percent Female!!Margin of Error!!Population 25 years and over!!High school graduate (includes equivalency)"
"S1501_C01_010E","Total!!Estimate!!Population 25 years and over!!Some college, no degree"
"S1501_C01_010M","Total!!Margin of Error!!Population 25 years and over!!Some college, no degree"
"S1501_C02_010E","Percent!!Estimate!!Population 25 years and over!!Some college, no degree"
"S1501_C02_010M","Percent!!Margin of Error!!Population 25 years and over!!Some college, no degree"
"S1501_C03_010E","Male!!Estimate!!Population 25 years and over!!Some college, no degree"
"S1501_C03_010M","Male!!Margin of Error!!Population 25 years and over!!Some college, no degree"
"S1501_C04_010E","Percent Male!!Estimate!!Population 25 years and over!!Some college, no degree"
"S1501_C04_010M","Percent Male!!Margin of Error!!Population 25 years and over!!Some college, no degree"
"S1501_C05_010E","Female!!Estimate!!Population 25 years and over!!Some college, no degree"
"S1501_C05_010M","Female!!Margin of Error!!Population 25 years and over!!Some college, no degree"
"S1501_C06_010E","Percent Female!!Estimate!!Population 25 years and over!!Some college, no degree"
"S1501_C06_010M","Percent Female!!Margin of Error!!Population 25 years and over!!Some college, no degree"
"S1501_C01_011E","Total!!Estimate!!Population 25 years and over!!Associate's degree"
"S1501_C01_011M","Total!!Margin of Error!!Population 25 years and over!!Associate's degree"
"S1501_C02_011E","Percent!!Estimate!!Population 25 years and over!!Associate's degree"
"S1501_C02_011M","Percent!!Margin of Error!!Population 25 years and over!!Associate's degree"
"S1501_C03_011E","Male!!Estimate!!Population 25 years and over!!Associate's degree"
"S1501_C03_011M","Male!!Margin of Error!!Population 25 years and over!!Associate's degree"
"S1501_C04_011E","Percent Male!!Estimate!!Population 25 years and over!!Associate's degree"
"S1501_C04_011M","Percent Male!!Margin of Error!!Population 25 years and over!!Associate's degree"
"S1501_C05_011E","Female!!Estimate!!Population 25 years and over!!Associate's degree"
"S1501_C05_011M","Female!!Margin of Error!!Population 25 years and over!!Associate's degree"
"S1501_C06_011E","Percent Female!!Estimate!!Population 25 years and over!!Associate's degree"
"S1501_C06_011M","Percent Female!!Margin of Error!!Population 25 years and over!!Associate's degree"
"S1501_C01_012E","Total!!Estimate!!Population 25 years and over!!Bachelor's degree"
"S1501_C01_012M","Total!!Margin of Error!!Population 25 years and over!!Bachelor's degree"
"S1501_C02_012E","Percent!!Estimate!!Population 25 years and over!!Bachelor's degree"
"S1501_C02_012M","Percent!!Margin of Error!!Population 25 years and over!!Bachelor's degree"
"S1501_C03_012E","Male!!Estimate!!Population 25 years and over!!Bachelor's degree"
"S1501_C03_012M","Male!!Margin of Error!!Population 25 years and over!!Bachelor's degree"
"S1501_C04_012E","Percent Male!!Estimate!!Population 25 years and over!!Bachelor's degree"
"S1501_C04_012M","Percent Male!!Margin of Error!!Population 25 years and over!!Bachelor's degree"
"S1501_C05_012E","Female!!Estimate!!Population 25 years and over!!Bachelor's degree"
"S1501_C05_012M","Female!!Margin of Error!!Population 25 years and over!!Bachelor's degree"
"S1501_C06_012E","Percent Female!!Estimate!!Population 25 years and over!!Bachelor's degree"
"S1501_C06_012M","Percent Female!!Margin of Error!!Population 25 years and over!!Bachelor's degree"
"S1501_C01_013E","Total!!Estimate!!Population 25 years and over!!Graduate or professional degree"
"S1501_C01_013M","Total!!Margin of Error!!Population 25 years and over!!Graduate or professional degree"
"S1501_C02_013E","Percent!!Estimate!!Population 25 years and over!!Graduate or professional degree"
"S1501_C02_013M","Percent!!Margin of Error!!Population 25 years and over!!Graduate or professional degree"
"S1501_C03_013E","Male!!Estimate!!Population 25 years and over!!Graduate or professional degree"
"S1501_C03_013M","Male!!Margin of Error!!Population 25 years and over!!Graduate or professional degree"
"S1501_C04_013E","Percent Male!!Estimate!!Population 25 years and over!!Graduate or professional degree"
"S1501_C04_013M","Percent Male!!Margin of Error!!Population 25 years and over!!Graduate or professional degree"
"S1501_C05_013E","Female!!Estimate!!Population 25 years and over!!Graduate or professional degree"
"S1501_C05_013M","Female!!Margin of Error!!Population 25 years and over!!Graduate or professional degree"
"S1501_C06_013E","Percent Female!!Estimate!!Population 25 years and over!!Graduate or professional degree"
"S1501_C06_013M","Percent Female!!Margin of Error!!Population 25 years and over!!Graduate or professional degree"
"S1501_C01_014E","Total!!Estimate!!Percent high school graduate or higher"
"S1501_C01_014M","Total!!Margin of Error!!Percent high school graduate or higher"
"S1501_C02_014E","Percent!!Estimate!!Percent high school graduate or higher"
"S1501_C02_014M","Percent!!Margin of Error!!Percent high school graduate or higher"
"S1501_C03_014E","Male!!Estimate!!Percent high school graduate or higher"
"S1501_C03_014M","Male!!Margin of Error!!Percent high school graduate or higher"
"S1501_C04_014E","Percent Male!!Estimate!!Percent high school graduate or higher"
"S1501_C04_014M","Percent Male!!Margin of Error!!Percent high school graduate or higher"
"S1501_C05_014E","Female!!Estimate!!Percent high school graduate or higher"
"S1501_C05_014M","Female!!Margin of Error!!Percent high school graduate or higher"
"S1501_C06_014E","Percent Female!!Estimate!!Percent high school graduate or higher"
"S1501_C06_014M","Percent Female!!Margin of Error!!Percent high school graduate or higher"
"S1501_C01_015E","Total!!Estimate!!Percent bachelor's degree or higher"
"S1501_C01_015M","Total!!Margin of Error!!Percent bachelor's degree or higher"
"S1501_C02_015E","Percent!!Estimate!!Percent bachelor's degree or higher"
"S1501_C02_015M","Percent!!Margin of Error!!Percent bachelor's degree or higher"
"S1501_C03_015E","Male!!Estimate!!Percent bachelor's degree or higher"
"S1501_C03_015M","Male!!Margin of Error!!Percent bachelor's degree or higher"
"S1501_C04_015E","Percent Male!!Estimate!!Percent bachelor's degree or higher"
"S1501_C04_015M","Percent Male!!Margin of Error!!Percent bachelor's degree or higher"
"S1501_C05_015E","Female!!Estimate!!Percent bachelor's degree or higher"
"S1501_C05_015M","Female!!Margin of Error!!Percent bachelor's degree or higher"
"S1501_C06_015E","Percent Female!!Estimate!!Percent bachelor's degree or higher"
"S1501_C06_015M","Percent Female!!Margin of Error!!Percent bachelor's degree or higher"
"S1501_C01_016E","Total!!Estimate!!Population 25 to 34 years"
"S1501_C01_016M","Total!!Margin of Error!!Population 25 to 34 years"
"S1501_C02_016E","Percent!!Estimate!!Population 25 to 34 years"
"S1501_C02_016M","Percent!!Margin of Error!!Population 25 to 34 years"
"S1501_C03_016E","Male!!Estimate!!Population 25 to 34 years"
"S1501_C03_016M","Male!!Margin of Error!!Population 25 to 34 years"
"S1501_C04_016E","Percent Male!!Estimate!!Population 25 to 34 years"
"S1501_C04_016M","Percent Male!!Margin of Error!!Population 25 to 34 years"
"S1501_C05_016E","Female!!Estimate!!Population 25 to 34 years"
"S1501_C05_016M","Female!!Margin of Error!!Population 25 to 34 years"
"S1501_C06_016E","Percent Female!!Estimate!!Population 25 to 34 years"
"S1501_C06_016M","Percent Female!!Margin of Error!!Population 25 to 34 years"
"S1501_C01_017E","Total!!Estimate!!Population 25 to 34 years!!High school graduate or higher"
"S1501_C01_017M","Total!!Margin of Error!!Population 25 to 34 years!!High school graduate or higher"
"S1501_C02_017E","Percent!!Estimate!!Population 25 to 34 years!!High school graduate or higher"
"S1501_C02_017M","Percent!!Margin of Error!!Population 25 to 34 years!!High school graduate or higher"
"S1501_C03_017E","Male!!Estimate!!Population 25 to 34 years!!High school graduate or higher"
"S1501_C03_017M","Male!!Margin of Error!!Population 25 to 34 years!!High school graduate or higher"
"S1501_C04_017E","Percent Male!!Estimate!!Population 25 to 34 years!!High school graduate or higher"
"S1501_C04_017M","Percent Male!!Margin of Error!!Population 25 to 34 years!!High school graduate or higher"
"S1501_C05_017E","Female!!Estimate!!Population 25 to 34 years!!High school graduate or higher"
"S1501_C05_017M","Female!!Margin of Error!!Population 25 to 34 years!!High school graduate or higher"
"S1501_C06_017E","Percent Female!!Estimate!!Population 25 to 34 years!!High school graduate or higher"
"S1501_C06_017M","Percent Female!!Margin of Error!!Population 25 to 34 years!!High school graduate or higher"
"S1501_C01_018E","Total!!Estimate!!Population 25 to 34 years!!Bachelor's degree or higher"
"S1501_C01_018M","Total!!Margin of Error!!Population 25 to 34 years!!Bachelor's degree or higher"
"S1501_C02_018E","Percent!!Estimate!!Population 25 to 34 years!!Bachelor's degree or higher"
"S1501_C02_018M","Percent!!Margin of Error!!Population 25 to 34 years!!Bachelor's degree or higher"
"S1501_C03_018E","Male!!Estimate!!Population 25 to 34 years!!Bachelor's degree or higher"
"S1501_C03_018M","Male!!Margin of Error!!Population 25 to 34 years!!Bachelor's degree or higher"
"S1501_C04_018E","Percent Male!!Estimate!!Population 25 to 34 years!!Bachelor's degree or higher"
"S1501_C04_018M","Percent Male!!Margin of Error!!Population 25 to 34 years!!Bachelor's degree or higher"
"S1501_C05_018E","Female!!Estimate!!Population 25 to 34 years!!Bachelor's degree or higher"
"S1501_C05_018M","Female!!Margin of Error!!Population 25 to 34 years!!Bachelor's degree or higher"
"S1501_C06_018E","Percent Female!!Estimate!!Population 25 to 34 years!!Bachelor's degree or higher"
"S1501_C06_018M","Percent Female!!Margin of Error!!Population 25 to 34 years!!Bachelor's degree or higher"
"S1501_C01_019E","Total!!Estimate!!Population 35 to 44 years"
"S1501_C01_019M","Total!!Margin of Error!!Population 35 to 44 years"
"S1501_C02_019E","Percent!!Estimate!!Population 35 to 44 years"
"S1501_C02_019M","Percent!!Margin of Error!!Population 35 to 44 years"
"S1501_C03_019E","Male!!Estimate!!Population 35 to 44 years"
"S1501_C03_019M","Male!!Margin of Error!!Population 35 to 44 years"
"S1501_C04_019E","Percent Male!!Estimate!!Population 35 to 44 years"
"S1501_C04_019M","Percent Male!!Margin of Error!!Population 35 to 44 years"
"S1501_C05_019E","Female!!Estimate!!Population 35 to 44 years"
"S1501_C05_019M","Female!!Margin of Error!!Population 35 to 44 years"
"S1501_C06_019E","Percent Female!!Estimate!!Population 35 to 44 years"
"S1501_C06_019M","Percent Female!!Margin of Error!!Population 35 to 44 years"
"S1501_C01_020E","Total!!Estimate!!Population 35 to 44 years!!High school graduate or higher"
"S1501_C01_020M","Total!!Margin of Error!!Population 35 to 44 years!!High school graduate or higher"
"S1501_C02_020E","Percent!!Estimate!!Population 35 to 44 years!!High school graduate or higher"
"S1501_C02_020M","Percent!!Margin of Error!!Population 35 to 44 years!!High school graduate or higher"
"S1501_C03_020E","Male!!Estimate!!Population 35 to 44 years!!High school graduate or higher"
"S1501_C03_020M","Male!!Margin of Error!!Population 35 to 44 years!!High school graduate or higher"
"S1501_C04_020E","Percent Male!!Estimate!!Population 35 to 44 years!!High school graduate or higher"
"S1501_C04_020M","Percent Male!!Margin of Error!!Population 35 to 44 years!!High school graduate or higher"
"S1501_C05_020E","Female!!Estimate!!Population 35 to 44 years!!High school graduate or higher"
"S1501_C05_020M","Female!!Margin of Error!!Population 35 to 44 years!!High school graduate or higher"
"S1501_C06_020E","Percent Female!!Estimate!!Population 35 to 44 years!!High school graduate or higher"
"S1501_C06_020M","Percent Female!!Margin of Error!!Population 35 to 44 years!!High school graduate or higher"
"S1501_C01_021E","Total!!Estimate!!Population 35 to 44 years!!Bachelor's degree or higher"
"S1501_C01_021M","Total!!Margin of Error!!Population 35 to 44 years!!Bachelor's degree or higher"
"S1501_C02_021E","Percent!!Estimate!!Population 35 to 44 years!!Bachelor's degree or higher"
"S1501_C02_021M","Percent!!Margin of Error!!Population 35 to 44 years!!Bachelor's degree or higher"
"S1501_C03_021E","Male!!Estimate!!Population 35 to 44 years!!Bachelor's degree or higher"
"S1501_C03_021M","Male!!Margin of Error!!Population 35 to 44 years!!Bachelor's degree or higher"
"S1501_C04_021E","Percent Male!!Estimate!!Population 35 to 44 years!!Bachelor's degree or higher"
"S1501_C04_021M","Percent Male!!Margin of Error!!Population 35 to 44 years!!Bachelor's degree or higher"
"S1501_C05_021E","Female!!Estimate!!Population 35 to 44 years!!Bachelor's degree or higher"
"S1501_C05_021M","Female!!Margin of Error!!Population 35 to 44 years!!Bachelor's degree or higher"
"S1501_C06_021E","Percent Female!!Estimate!!Population 35 to 44 years!!Bachelor's degree or higher"
"S1501_C06_021M","Percent Female!!Margin of Error!!Population 35 to 44 years!!Bachelor's degree or higher"
"S1501_C01_022E","Total!!Estimate!!Population 45 to 64 years"
"S1501_C01_022M","Total!!Margin of Error!!Population 45 to 64 years"
"S1501_C02_022E","Percent!!Estimate!!Population 45 to 64 years"
"S1501_C02_022M","Percent!!Margin of Error!!Population 45 to 64 years"
"S1501_C03_022E","Male!!Estimate!!Population 45 to 64 years"
"S1501_C03_022M","Male!!Margin of Error!!Population 45 to 64 years"
"S1501_C04_022E","Percent Male!!Estimate!!Population 45 to 64 years"
"S1501_C04_022M","Percent Male!!Margin of Error!!Population 45 to 64 years"
"S1501_C05_022E","Female!!Estimate!!Population 45 to 64 years"
"S1501_C05_022M","Female!!Margin of Error!!Population 45 to 64 years"
"S1501_C06_022E","Percent Female!!Estimate!!Population 45 to 64 years"
"S1501_C06_022M","Percent Female!!Margin of Error!!Population 45 to 64 years"
"S1501_C01_023E","Total!!Estimate!!Population 45 to 64 years!!High school graduate or higher"
"S1501_C01_023M","Total!!Margin of Error!!Population 45 to 64 years!!High school graduate or higher"
"S1501_C02_023E","Percent!!Estimate!!Population 45 to 64 years!!High school graduate or higher"
"S1501_C02_023M","Percent!!Margin of Error!!Population 45 to 64 years!!High school graduate or higher"
"S1501_C03_023E","Male!!Estimate!!Population 45 to 64 years!!High school graduate or higher"
"S1501_C03_023M","Male!!Margin of Error!!Population 45 to 64 years!!High school graduate or higher"
"S1501_C04_023E","Percent Male!!Estimate!!Population 45 to 64 years!!High school graduate or higher"
"S1501_C04_023M","Percent Male!!Margin of Error!!Population 45 to 64 years!!High school graduate or higher"
"S1501_C05_023E","Female!!Estimate!!Population 45 to 64 years!!High school graduate or higher"
"S1501_C05_023M","Female!!Margin of Error!!Population 45 to 64 years!!High school graduate or higher"
"S1501_C06_023E","Percent Female!!Estimate!!Population 45 to 64 years!!High school graduate or higher"
"S1501_C06_023M","Percent Female!!Margin of Error!!Population 45 to 64 years!!High school graduate or higher"
"S1501_C01_024E","Total!!Estimate!!Population 45 to 64 years!!Bachelor's degree or higher"
"S1501_C01_024M","Total!!Margin of Error!!Population 45 to 64 years!!Bachelor's degree or higher"
"S1501_C02_024E","Percent!!Estimate!!Population 45 to 64 years!!Bachelor's degree or higher"
"S1501_C02_024M","Percent!!Margin of Error!!Population 45 to 64 years!!Bachelor's degree or higher"
"S1501_C03_024E","Male!!Estimate!!Population 45 to 64 years!!Bachelor's degree or higher"
"S1501_C03_024M","Male!!Margin of Error!!Population 45 to 64 years!!Bachelor's degree or higher"
"S1501_C04_024E","Percent Male!!Estimate!!Population 45 to 64 years!!Bachelor's degree or higher"
"S1501_C04_024M","Percent Male!!Margin of Error!!Population 45 to 64 years!!Bachelor's degree or higher"
"S1501_C05_024E","Female!!Estimate!!Population 45 to 64 years!!Bachelor's degree or higher"
"S1501_C05_024M","Female!!Margin of Error!!Population 45 to 64 years!!Bachelor's degree or higher"
"S1501_C06_024E","Percent Female!!Estimate!!Population 45 to 64 years!!Bachelor's degree or higher"
"S1501_C06_024M","Percent Female!!Margin of Error!!Population 45 to 64 years!!Bachelor's degree or higher"
"S1501_C01_025E","Total!!Estimate!!Population 65 years and over"
"S1501_C01_025M","Total!!Margin of Error!!Population 65 years and over"
"S1501_C02_025E","Percent!!Estimate!!Population 65 years and over"
"S1501_C02_025M","Percent!!Margin of Error!!Population 65 years and over"
"S1501_C03_025E","Male!!Estimate!!Population 65 years and over"
"S1501_C03_025M","Male!!Margin of Error!!Population 65 years and over"
"S1501_C04_025E","Percent Male!!Estimate!!Population 65 years and over"
"S1501_C04_025M","Percent Male!!Margin of Error!!Population 65 years and over"
"S1501_C05_025E","Female!!Estimate!!Population 65 years and over"
"S1501_C05_025M","Female!!Margin of Error!!Population 65 years and over"
"S1501_C06_025E","Percent Female!!Estimate!!Population 65 years and over"
"S1501_C06_025M","Percent Female!!Margin of Error!!Population 65 years and over"
"S1501_C01_026E","Total!!Estimate!!Population 65 years and over!!High school graduate or higher"
"S1501_C01_026M","Total!!Margin of Error!!Population 65 years and over!!High school graduate or higher"
"S1501_C02_026E","Percent!!Estimate!!Population 65 years and over!!High school graduate or higher"
"S1501_C02_026M","Percent!!Margin of Error!!Population 65 years and over!!High school graduate or higher"
"S1501_C03_026E","Male!!Estimate!!Population 65 years and over!!High school graduate or higher"
"S1501_C03_026M","Male!!Margin of Error!!Population 65 years and over!!High school graduate or higher"
"S1501_C04_026E","Percent Male!!Estimate!!Population 65 years and over!!High school graduate or higher"
"S1501_C04_026M","Percent Male!!Margin of Error!!Population 65 years and over!!High school graduate or higher"
"S1501_C05_026E","Female!!Estimate!!Population 65 years and over!!High school graduate or higher"
"S1501_C05_026M","Female!!Margin of Error!!Population 65 years and over!!High school graduate or higher"
"S1501_C06_026E","Percent Female!!Estimate!!Population 65 years and over!!High school graduate or higher"
"S1501_C06_026M","Percent Female!!Margin of Error!!Population 65 years and over!!High school graduate or higher"
"S1501_C01_027E","Total!!Estimate!!Population 65 years and over!!Bachelor's degree or higher"
"S1501_C01_027M","Total!!Margin of Error!!Population 65 years and over!!Bachelor's degree or higher"
"S1501_C02_027E","Percent!!Estimate!!Population 65 years and over!!Bachelor's degree or higher"
"S1501_C02_027M","Percent!!Margin of Error!!Population 65 years and over!!Bachelor's degree or higher"
"S1501_C03_027E","Male!!Estimate!!Population 65 years and over!!Bachelor's degree or higher"
"S1501_C03_027M","Male!!Margin of Error!!Population 65 years and over!!Bachelor's degree or higher"
"S1501_C04_027E","Percent Male!!Estimate!!Population 65 years and over!!Bachelor's degree or higher"
"S1501_C04_027M","Percent Male!!Margin of Error!!Population 65 years and over!!Bachelor's degree or higher"
"S1501_C05_027E","Female!!Estimate!!Population 65 years and over!!Bachelor's degree or higher"
"S1501_C05_027M","Female!!Margin of Error!!Population 65 years and over!!Bachelor's degree or higher"
"S1501_C06_027E","Percent Female!!Estimate!!Population 65 years and over!!Bachelor's degree or higher"
"S1501_C06_027M","Percent Female!!Margin of Error!!Population 65 years and over!!Bachelor's degree or higher"
"S1501_C01_028E","Total!!Estimate!!RACE AND HISPANIC OR LATINO ORIGIN BY EDUCATIONAL ATTAINMENT!!White alone"
"S1501_C01_028M","Total!!Margin of Error!!RACE AND HISPANIC OR LATINO ORIGIN BY EDUCATIONAL ATTAINMENT!!White alone"
"S1501_C02_028E","Percent!!Estimate!!RACE AND HISPANIC OR LATINO ORIGIN BY EDUCATIONAL ATTAINMENT!!White alone"
"S1501_C02_028M","Percent!!Margin of Error!!RACE AND HISPANIC OR LATINO ORIGIN BY EDUCATIONAL ATTAINMENT!!White alone"
"S1501_C03_028E","Male!!Estimate!!RACE AND HISPANIC OR LATINO ORIGIN BY EDUCATIONAL ATTAINMENT!!White alone"
"S1501_C03_028M","Male!!Margin of Error!!RACE AND HISPANIC OR LATINO ORIGIN BY EDUCATIONAL ATTAINMENT!!White alone"
"S1501_C04_028E","Percent Male!!Estimate!!RACE AND HISPANIC OR LATINO ORIGIN BY EDUCATIONAL ATTAINMENT!!White alone"
"S1501_C04_028M","Percent Male!!Margin of Error!!RACE AND HISPANIC OR LATINO ORIGIN BY EDUCATIONAL ATTAINMENT!!White alone"
"S1501_C05_028E","Female!!Estimate!!RACE AND HISPANIC OR LATINO ORIGIN BY EDUCATIONAL ATTAINMENT!!White alone"
"S1501_C05_028M","Female!!Margin of Error!!RACE AND HISPANIC OR LATINO ORIGIN BY EDUCATIONAL ATTAINMENT!!White alone"
"S1501_C06_028E","Percent Female!!Estimate!!RACE AND HISPANIC OR LATINO ORIGIN BY EDUCATIONAL ATTAINMENT!!White alone"
"S1501_C06_028M","Percent Female!!Margin of Error!!RACE AND HISPANIC OR LATINO ORIGIN BY EDUCATIONAL ATTAINMENT!!White alone"
"S1501_C01_029E","Total!!Estimate!!RACE AND HISPANIC OR LATINO ORIGIN BY EDUCATIONAL ATTAINMENT!!White alone!!High school graduate or higher"
"S1501_C01_029M","Total!!Margin of Error!!RACE AND HISPANIC OR LATINO ORIGIN BY EDUCATIONAL ATTAINMENT!!White alone!!High school graduate or higher"
"S1501_C02_029E","Percent!!Estimate!!RACE AND HISPANIC OR LATINO ORIGIN BY EDUCATIONAL ATTAINMENT!!White alone!!High school graduate or higher"
"S1501_C02_029M","Percent!!Margin of Error!!RACE AND HISPANIC OR LATINO ORIGIN BY EDUCATIONAL ATTAINMENT!!White alone!!High school graduate or higher"
"S1501_C03_029E","Male!!Estimate!!RACE AND HISPANIC OR LATINO ORIGIN BY EDUCATIONAL ATTAINMENT!!White alone!!High school graduate or higher"
"S1501_C03_029M","Male!!Margin of Error!!RACE AND HISPANIC OR LATINO ORIGIN BY EDUCATIONAL ATTAINMENT!!White alone!!High school graduate or higher"
"S1501_C04_029E","Percent Male!!Estimate!!RACE AND HISPANIC OR LATINO ORIGIN BY EDUCATIONAL ATTAINMENT!!White alone!!High school graduate or higher"
"S1501_C04_029M","Percent Male!!Margin of Error!!RACE AND HISPANIC OR LATINO ORIGIN BY EDUCATIONAL ATTAINMENT!!White alone!!High school graduate or higher"
"S1501_C05_029E","Female!!Estimate!!RACE AND HISPANIC OR LATINO ORIGIN BY EDUCATIONAL ATTAINMENT!!White alone!!High school graduate or higher"
"S1501_C05_029M","Female!!Margin of Error!!RACE AND HISPANIC OR LATINO ORIGIN BY EDUCATIONAL ATTAINMENT!!White alone!!High school graduate or higher"
"S1501_C06_029E","Percent Female!!Estimate!!RACE AND HISPANIC OR LATINO ORIGIN BY EDUCATIONAL ATTAINMENT!!White alone!!High school graduate or higher"
"S1501_C06_029M","Percent Female!!Margin of Error!!RACE AND HISPANIC OR LATINO ORIGIN BY EDUCATIONAL ATTAINMENT!!White alone!!High school graduate or higher"
"S1501_C01_030E","Total!!Estimate!!RACE AND HISPANIC OR LATINO ORIGIN BY EDUCATIONAL ATTAINMENT!!White alone!!Bachelor's degree or higher"
"S1501_C01_030M","Total!!Margin of Error!!RACE AND HISPANIC OR LATINO ORIGIN BY EDUCATIONAL ATTAINMENT!!White alone!!Bachelor's degree or higher"
"S1501_C02_030E","Percent!!Estimate!!RACE AND HISPANIC OR LATINO ORIGIN BY EDUCATIONAL ATTAINMENT!!White alone!!Bachelor's degree or higher"
"S1501_C02_030M","Percent!!Margin of Error!!RACE AND HISPANIC OR LATINO ORIGIN BY EDUCATIONAL ATTAINMENT!!White alone!!Bachelor's degree or higher"
"S1501_C03_030E","Male!!Estimate!!RACE AND HISPANIC OR LATINO ORIGIN BY EDUCATIONAL ATTAINMENT!!White alone!!Bachelor's degree or higher"
"S1501_C03_030M","Male!!Margin of Error!!RACE AND HISPANIC OR LATINO ORIGIN BY EDUCATIONAL ATTAINMENT!!White alone!!Bachelor's degree or higher"
"S1501_C04_030E","Percent Male!!Estimate!!RACE AND HISPANIC OR LATINO ORIGIN BY EDUCATIONAL ATTAINMENT!!White alone!!Bachelor's degree or higher"
"S1501_C04_030M","Percent Male!!Margin of Error!!RACE AND HISPANIC OR LATINO ORIGIN BY EDUCATIONAL ATTAINMENT!!White alone!!Bachelor's degree or higher"
"S1501_C05_030E","Female!!Estimate!!RACE AND HISPANIC OR LATINO ORIGIN BY EDUCATIONAL ATTAINMENT!!White alone!!Bachelor's degree or higher"
"S1501_C05_030M","Female!!Margin of Error!!RACE AND HISPANIC OR LATINO ORIGIN BY EDUCATIONAL ATTAINMENT!!White alone!!Bachelor's degree or higher"
"S1501_C06_030E","Percent Female!!Estimate!!RACE AND HISPANIC OR LATINO ORIGIN BY EDUCATIONAL ATTAINMENT!!White alone!!Bachelor's degree or higher"
"S1501_C06_030M","Percent Female!!Margin of Error!!RACE AND HISPANIC OR LATINO ORIGIN BY EDUCATIONAL ATTAINMENT!!White alone!!Bachelor's degree or higher"
"S1501_C01_031E","Total!!Estimate!!White alone, not Hispanic or Latino"
"S1501_C01_031M","Total!!Margin of Error!!White alone, not Hispanic or Latino"
"S1501_C02_031E","Percent!!Estimate!!White alone, not Hispanic or Latino"
"S1501_C02_031M","Percent!!Margin of Error!!White alone, not Hispanic or Latino"
"S1501_C03_031E","Male!!Estimate!!White alone, not Hispanic or Latino"
"S1501_C03_031M","Male!!Margin of Error!!White alone, not Hispanic or Latino"
"S1501_C04_031E","Percent Male!!Estimate!!White alone, not Hispanic or Latino"
"S1501_C04_031M","Percent Male!!Margin of Error!!White alone, not Hispanic or Latino"
"S1501_C05_031E","Female!!Estimate!!White alone, not Hispanic or Latino"
"S1501_C05_031M","Female!!Margin of Error!!White alone, not Hispanic or Latino"
"S1501_C06_031E","Percent Female!!Estimate!!White alone, not Hispanic or Latino"
"S1501_C06_031M","Percent Female!!Margin of Error!!White alone, not Hispanic or Latino"
"S1501_C01_032E","Total!!Estimate!!White alone, not Hispanic or Latino!!High school graduate or higher"
"S1501_C01_032M","Total!!Margin of Error!!White alone, not Hispanic or Latino!!High school graduate or higher"
"S1501_C02_032E","Percent!!Estimate!!White alone, not Hispanic or Latino!!High school graduate or higher"
"S1501_C02_032M","Percent!!Margin of Error!!White alone, not Hispanic or Latino!!High school graduate or higher"
"S1501_C03_032E","Male!!Estimate!!White alone, not Hispanic or Latino!!High school graduate or higher"
"S1501_C03_032M","Male!!Margin of Error!!White alone, not Hispanic or Latino!!High school graduate or higher"
"S1501_C04_032E","Percent Male!!Estimate!!White alone, not Hispanic or Latino!!High school graduate or higher"
"S1501_C04_032M","Percent Male!!Margin of Error!!White alone, not Hispanic or Latino!!High school graduate or higher"
"S1501_C05_032E","Female!!Estimate!!White alone, not Hispanic or Latino!!High school graduate or higher"
"S1501_C05_032M","Female!!Margin of Error!!White alone, not Hispanic or Latino!!High school graduate or higher"
"S1501_C06_032E","Percent Female!!Estimate!!White alone, not Hispanic or Latino!!High school graduate or higher"
"S1501_C06_032M","Percent Female!!Margin of Error!!White alone, not Hispanic or Latino!!High school graduate or higher"
"S1501_C01_033E","Total!!Estimate!!White alone, not Hispanic or Latino!!Bachelor's degree or higher"
"S1501_C01_033M","Total!!Margin of Error!!White alone, not Hispanic or Latino!!Bachelor's degree or higher"
"S1501_C02_033E","Percent!!Estimate!!White alone, not Hispanic or Latino!!Bachelor's degree or higher"
"S1501_C02_033M","Percent!!Margin of Error!!White alone, not Hispanic or Latino!!Bachelor's degree or higher"
"S1501_C03_033E","Male!!Estimate!!White alone, not Hispanic or Latino!!Bachelor's degree or higher"
"S1501_C03_033M","Male!!Margin of Error!!White alone, not Hispanic or Latino!!Bachelor's degree or higher"
"S1501_C04_033E","Percent Male!!Estimate!!White alone, not Hispanic or Latino!!Bachelor's degree or higher"
"S1501_C04_033M","Percent Male!!Margin of Error!!White alone, not Hispanic or Latino!!Bachelor's degree or higher"
"S1501_C05_033E","Female!!Estimate!!White alone, not Hispanic or Latino!!Bachelor's degree or higher"
"S1501_C05_033M","Female!!Margin of Error!!White alone, not Hispanic or Latino!!Bachelor's degree or higher"
"S1501_C06_033E","Percent Female!!Estimate!!White alone, not Hispanic or Latino!!Bachelor's degree or higher"
"S1501_C06_033M","Percent Female!!Margin of Error!!White alone, not Hispanic or Latino!!Bachelor's degree or higher"
"S1501_C01_034E","Total!!Estimate!!Black alone"
"S1501_C01_034M","Total!!Margin of Error!!Black alone"
"S1501_C02_034E","Percent!!Estimate!!Black alone"
"S1501_C02_034M","Percent!!Margin of Error!!Black alone"
"S1501_C03_034E","Male!!Estimate!!Black alone"
"S1501_C03_034M","Male!!Margin of Error!!Black alone"
"S1501_C04_034E","Percent Male!!Estimate!!Black alone"
"S1501_C04_034M","Percent Male!!Margin of Error!!Black alone"
"S1501_C05_034E","Female!!Estimate!!Black alone"
"S1501_C05_034M","Female!!Margin of Error!!Black alone"
"S1501_C06_034E","Percent Female!!Estimate!!Black alone"
"S1501_C06_034M","Percent Female!!Margin of Error!!Black alone"
"S1501_C01_035E","Total!!Estimate!!Black alone!!High school graduate or higher"
"S1501_C01_035M","Total!!Margin of Error!!Black alone!!High school graduate or higher"
"S1501_C02_035E","Percent!!Estimate!!Black alone!!High school graduate or higher"
"S1501_C02_035M","Percent!!Margin of Error!!Black alone!!High school graduate or higher"
"S1501_C03_035E","Male!!Estimate!!Black alone!!High school graduate or higher"
"S1501_C03_035M","Male!!Margin of Error!!Black alone!!High school graduate or higher"
"S1501_C04_035E","Percent Male!!Estimate!!Black alone!!High school graduate or higher"
"S1501_C04_035M","Percent Male!!Margin of Error!!Black alone!!High school graduate or higher"
"S1501_C05_035E","Female!!Estimate!!Black alone!!High school graduate or higher"
"S1501_C05_035M","Female!!Margin of Error!!Black alone!!High school graduate or higher"
"S1501_C06_035E","Percent Female!!Estimate!!Black alone!!High school graduate or higher"
"S1501_C06_035M","Percent Female!!Margin of Error!!Black alone!!High school graduate or higher"
"S1501_C01_036E","Total!!Estimate!!Black alone!!Bachelor's degree or higher"
"S1501_C01_036M","Total!!Margin of Error!!Black alone!!Bachelor's degree or higher"
"S1501_C02_036E","Percent!!Estimate!!Black alone!!Bachelor's degree or higher"
"S1501_C02_036M","Percent!!Margin of Error!!Black alone!!Bachelor's degree or higher"
"S1501_C03_036E","Male!!Estimate!!Black alone!!Bachelor's degree or higher"
"S1501_C03_036M","Male!!Margin of Error!!Black alone!!Bachelor's degree or higher"
"S1501_C04_036E","Percent Male!!Estimate!!Black alone!!Bachelor's degree or higher"
"S1501_C04_036M","Percent Male!!Margin of Error!!Black alone!!Bachelor's degree or higher"
"S1501_C05_036E","Female!!Estimate!!Black alone!!Bachelor's degree or higher"
"S1501_C05_036M","Female!!Margin of Error!!Black alone!!Bachelor's degree or higher"
"S1501_C06_036E","Percent Female!!Estimate!!Black alone!!Bachelor's degree or higher"
"S1501_C06_036M","Percent Female!!Margin of Error!!Black alone!!Bachelor's degree or higher"
"S1501_C01_037E","Total!!Estimate!!American Indian or Alaska Native alone"
"S1501_C01_037M","Total!!Margin of Error!!American Indian or Alaska Native alone"
"S1501_C02_037E","Percent!!Estimate!!American Indian or Alaska Native alone"
"S1501_C02_037M","Percent!!Margin of Error!!American Indian or Alaska Native alone"
"S1501_C03_037E","Male!!Estimate!!American Indian or Alaska Native alone"
"S1501_C03_037M","Male!!Margin of Error!!American Indian or Alaska Native alone"
"S1501_C04_037E","Percent Male!!Estimate!!American Indian or Alaska Native alone"
"S1501_C04_037M","Percent Male!!Margin of Error!!American Indian or Alaska Native alone"
"S1501_C05_037E","Female!!Estimate!!American Indian or Alaska Native alone"
"S1501_C05_037M","Female!!Margin of Error!!American Indian or Alaska Native alone"
"S1501_C06_037E","Percent Female!!Estimate!!American Indian or Alaska Native alone"
"S1501_C06_037M","Percent Female!!Margin of Error!!American Indian or Alaska Native alone"
"S1501_C01_038E","Total!!Estimate!!American Indian or Alaska Native alone!!High school graduate or higher"
"S1501_C01_038M","Total!!Margin of Error!!American Indian or Alaska Native alone!!High school graduate or higher"
"S1501_C02_038E","Percent!!Estimate!!American Indian or Alaska Native alone!!High school graduate or higher"
"S1501_C02_038M","Percent!!Margin of Error!!American Indian or Alaska Native alone!!High school graduate or higher"
"S1501_C03_038E","Male!!Estimate!!American Indian or Alaska Native alone!!High school graduate or higher"
"S1501_C03_038M","Male!!Margin of Error!!American Indian or Alaska Native alone!!High school graduate or higher"
"S1501_C04_038E","Percent Male!!Estimate!!American Indian or Alaska Native alone!!High school graduate or higher"
"S1501_C04_038M","Percent Male!!Margin of Error!!American Indian or Alaska Native alone!!High school graduate or higher"
"S1501_C05_038E","Female!!Estimate!!American Indian or Alaska Native alone!!High school graduate or higher"
"S1501_C05_038M","Female!!Margin of Error!!American Indian or Alaska Native alone!!High school graduate or higher"
"S1501_C06_038E","Percent Female!!Estimate!!American Indian or Alaska Native alone!!High school graduate or higher"
"S1501_C06_038M","Percent Female!!Margin of Error!!American Indian or Alaska Native alone!!High school graduate or higher"
"S1501_C01_039E","Total!!Estimate!!American Indian or Alaska Native alone!!Bachelor's degree or higher"
"S1501_C01_039M","Total!!Margin of Error!!American Indian or Alaska Native alone!!Bachelor's degree or higher"
"S1501_C02_039E","Percent!!Estimate!!American Indian or Alaska Native alone!!Bachelor's degree or higher"
"S1501_C02_039M","Percent!!Margin of Error!!American Indian or Alaska Native alone!!Bachelor's degree or higher"
"S1501_C03_039E","Male!!Estimate!!American Indian or Alaska Native alone!!Bachelor's degree or higher"
"S1501_C03_039M","Male!!Margin of Error!!American Indian or Alaska Native alone!!Bachelor's degree or higher"
"S1501_C04_039E","Percent Male!!Estimate!!American Indian or Alaska Native alone!!Bachelor's degree or higher"
"S1501_C04_039M","Percent Male!!Margin of Error!!American Indian or Alaska Native alone!!Bachelor's degree or higher"
"S1501_C05_039E","Female!!Estimate!!American Indian or Alaska Native alone!!Bachelor's degree or higher"
"S1501_C05_039M","Female!!Margin of Error!!American Indian or Alaska Native alone!!Bachelor's degree or higher"
"S1501_C06_039E","Percent Female!!Estimate!!American Indian or Alaska Native alone!!Bachelor's degree or higher"
"S1501_C06_039M","Percent Female!!Margin of Error!!American Indian or Alaska Native alone!!Bachelor's degree or higher"
"S1501_C01_040E","Total!!Estimate!!Asian alone"
"S1501_C01_040M","Total!!Margin of Error!!Asian alone"
"S1501_C02_040E","Percent!!Estimate!!Asian alone"
"S1501_C02_040M","Percent!!Margin of Error!!Asian alone"
"S1501_C03_040E","Male!!Estimate!!Asian alone"
"S1501_C03_040M","Male!!Margin of Error!!Asian alone"
"S1501_C04_040E","Percent Male!!Estimate!!Asian alone"
"S1501_C04_040M","Percent Male!!Margin of Error!!Asian alone"
"S1501_C05_040E","Female!!Estimate!!Asian alone"
"S1501_C05_040M","Female!!Margin of Error!!Asian alone"
"S1501_C06_040E","Percent Female!!Estimate!!Asian alone"
"S1501_C06_040M","Percent Female!!Margin of Error!!Asian alone"
"S1501_C01_041E","Total!!Estimate!!Asian alone!!High school graduate or higher"
"S1501_C01_041M","Total!!Margin of Error!!Asian alone!!High school graduate or higher"
"S1501_C02_041E","Percent!!Estimate!!Asian alone!!High school graduate or higher"
"S1501_C02_041M","Percent!!Margin of Error!!Asian alone!!High school graduate or higher"
"S1501_C03_041E","Male!!Estimate!!Asian alone!!High school graduate or higher"
"S1501_C03_041M","Male!!Margin of Error!!Asian alone!!High school graduate or higher"
"S1501_C04_041E","Percent Male!!Estimate!!Asian alone!!High school graduate or higher"
"S1501_C04_041M","Percent Male!!Margin of Error!!Asian alone!!High school graduate or higher"
"S1501_C05_041E","Female!!Estimate!!Asian alone!!High school graduate or higher"
"S1501_C05_041M","Female!!Margin of Error!!Asian alone!!High school graduate or higher"
"S1501_C06_041E","Percent Female!!Estimate!!Asian alone!!High school graduate or higher"
"S1501_C06_041M","Percent Female!!Margin of Error!!Asian alone!!High school graduate or higher"
"S1501_C01_042E","Total!!Estimate!!Asian alone!!Bachelor's degree or higher"
"S1501_C01_042M","Total!!Margin of Error!!Asian alone!!Bachelor's degree or higher"
"S1501_C02_042E","Percent!!Estimate!!Asian alone!!Bachelor's degree or higher"
"S1501_C02_042M","Percent!!Margin of Error!!Asian alone!!Bachelor's degree or higher"
"S1501_C03_042E","Male!!Estimate!!Asian alone!!Bachelor's degree or higher"
"S1501_C03_042M","Male!!Margin of Error!!Asian alone!!Bachelor's degree or higher"
"S1501_C04_042E","Percent Male!!Estimate!!Asian alone!!Bachelor's degree or higher"
"S1501_C04_042M","Percent Male!!Margin of Error!!Asian alone!!Bachelor's degree or higher"
"S1501_C05_042E","Female!!Estimate!!Asian alone!!Bachelor's degree or higher"
"S1501_C05_042M","Female!!Margin of Error!!Asian alone!!Bachelor's degree or higher"
"S1501_C06_042E","Percent Female!!Estimate!!Asian alone!!Bachelor's degree or higher"
"S1501_C06_042M","Percent Female!!Margin of Error!!Asian alone!!Bachelor's degree or higher"
"S1501_C01_043E","Total!!Estimate!!Native Hawaiian and Other Pacific Islander alone"
"S1501_C01_043M","Total!!Margin of Error!!Native Hawaiian and Other Pacific Islander alone"
"S1501_C02_043E","Percent!!Estimate!!Native Hawaiian and Other Pacific Islander alone"
"S1501_C02_043M","Percent!!Margin of Error!!Native Hawaiian and Other Pacific Islander alone"
"S1501_C03_043E","Male!!Estimate!!Native Hawaiian and Other Pacific Islander alone"
"S1501_C03_043M","Male!!Margin of Error!!Native Hawaiian and Other Pacific Islander alone"
"S1501_C04_043E","Percent Male!!Estimate!!Native Hawaiian and Other Pacific Islander alone"
"S1501_C04_043M","Percent Male!!Margin of Error!!Native Hawaiian and Other Pacific Islander alone"
"S1501_C05_043E","Female!!Estimate!!Native Hawaiian and Other Pacific Islander alone"
"S1501_C05_043M","Female!!Margin of Error!!Native Hawaiian and Other Pacific Islander alone"
"S1501_C06_043E","Percent Female!!Estimate!!Native Hawaiian and Other Pacific Islander alone"
"S1501_C06_043M","Percent Female!!Margin of Error!!Native Hawaiian and Other Pacific Islander alone"
"S1501_C01_044E","Total!!Estimate!!Native Hawaiian and Other Pacific Islander alone!!High school graduate or higher"
"S1501_C01_044M","Total!!Margin of Error!!Native Hawaiian and Other Pacific Islander alone!!High school graduate or higher"
"S1501_C02_044E","Percent!!Estimate!!Native Hawaiian and Other Pacific Islander alone!!High school graduate or higher"
"S1501_C02_044M","Percent!!Margin of Error!!Native Hawaiian and Other Pacific Islander alone!!High school graduate or higher"
"S1501_C03_044E","Male!!Estimate!!Native Hawaiian and Other Pacific Islander alone!!High school graduate or higher"
"S1501_C03_044M","Male!!Margin of Error!!Native Hawaiian and Other Pacific Islander alone!!High school graduate or higher"
"S1501_C04_044E","Percent Male!!Estimate!!Native Hawaiian and Other Pacific Islander alone!!High school graduate or higher"
"S1501_C04_044M","Percent Male!!Margin of Error!!Native Hawaiian and Other Pacific Islander alone!!High school graduate or higher"
"S1501_C05_044E","Female!!Estimate!!Native Hawaiian and Other Pacific Islander alone!!High school graduate or higher"
"S1501_C05_044M","Female!!Margin of Error!!Native Hawaiian and Other Pacific Islander alone!!High school graduate or higher"
"S1501_C06_044E","Percent Female!!Estimate!!Native Hawaiian and Other Pacific Islander alone!!High school graduate or higher"
"S1501_C06_044M","Percent Female!!Margin of Error!!Native Hawaiian and Other Pacific Islander alone!!High school graduate or higher"
"S1501_C01_045E","Total!!Estimate!!Native Hawaiian and Other Pacific Islander alone!!Bachelor's degree or higher"
"S1501_C01_045M","Total!!Margin of Error!!Native Hawaiian and Other Pacific Islander alone!!Bachelor's degree or higher"
"S1501_C02_045E","Percent!!Estimate!!Native Hawaiian and Other Pacific Islander alone!!Bachelor's degree or higher"
"S1501_C02_045M","Percent!!Margin of Error!!Native Hawaiian and Other Pacific Islander alone!!Bachelor's degree or higher"
"S1501_C03_045E","Male!!Estimate!!Native Hawaiian and Other Pacific Islander alone!!Bachelor's degree or higher"
"S1501_C03_045M","Male!!Margin of Error!!Native Hawaiian and Other Pacific Islander alone!!Bachelor's degree or higher"
"S1501_C04_045E","Percent Male!!Estimate!!Native Hawaiian and Other Pacific Islander alone!!Bachelor's degree or higher"
"S1501_C04_045M","Percent Male!!Margin of Error!!Native Hawaiian and Other Pacific Islander alone!!Bachelor's degree or higher"
"S1501_C05_045E","Female!!Estimate!!Native Hawaiian and Other Pacific Islander alone!!Bachelor's degree or higher"
"S1501_C05_045M","Female!!Margin of Error!!Native Hawaiian and Other Pacific Islander alone!!Bachelor's degree or higher"
"S1501_C06_045E","Percent Female!!Estimate!!Native Hawaiian and Other Pacific Islander alone!!Bachelor's degree or higher"
"S1501_C06_045M","Percent Female!!Margin of Error!!Native Hawaiian and Other Pacific Islander alone!!Bachelor's degree or higher"
"S1501_C01_046E","Total!!Estimate!!Some other race alone"
"S1501_C01_046M","Total!!Margin of Error!!Some other race alone"
"S1501_C02_046E","Percent!!Estimate!!Some other race alone"
"S1501_C02_046M","Percent!!Margin of Error!!Some other race alone"
"S1501_C03_046E","Male!!Estimate!!Some other race alone"
"S1501_C03_046M","Male!!Margin of Error!!Some other race alone"
"S1501_C04_046E","Percent Male!!Estimate!!Some other race alone"
"S1501_C04_046M","Percent Male!!Margin of Error!!Some other race alone"
"S1501_C05_046E","Female!!Estimate!!Some other race alone"
"S1501_C05_046M","Female!!Margin of Error!!Some other race alone"
"S1501_C06_046E","Percent Female!!Estimate!!Some other race alone"
"S1501_C06_046M","Percent Female!!Margin of Error!!Some other race alone"
"S1501_C01_047E","Total!!Estimate!!Some other race alone!!High school graduate or higher"
"S1501_C01_047M","Total!!Margin of Error!!Some other race alone!!High school graduate or higher"
"S1501_C02_047E","Percent!!Estimate!!Some other race alone!!High school graduate or higher"
"S1501_C02_047M","Percent!!Margin of Error!!Some other race alone!!High school graduate or higher"
"S1501_C03_047E","Male!!Estimate!!Some other race alone!!High school graduate or higher"
"S1501_C03_047M","Male!!Margin of Error!!Some other race alone!!High school graduate or higher"
"S1501_C04_047E","Percent Male!!Estimate!!Some other race alone!!High school graduate or higher"
"S1501_C04_047M","Percent Male!!Margin of Error!!Some other race alone!!High school graduate or higher"
"S1501_C05_047E","Female!!Estimate!!Some other race alone!!High school graduate or higher"
"S1501_C05_047M","Female!!Margin of Error!!Some other race alone!!High school graduate or higher"
"S1501_C06_047E","Percent Female!!Estimate!!Some other race alone!!High school graduate or higher"
"S1501_C06_047M","Percent Female!!Margin of Error!!Some other race alone!!High school graduate or higher"
"S1501_C01_048E","Total!!Estimate!!Some other race alone!!Bachelor's degree or higher"
"S1501_C01_048M","Total!!Margin of Error!!Some other race alone!!Bachelor's degree or higher"
"S1501_C02_048E","Percent!!Estimate!!Some other race alone!!Bachelor's degree or higher"
"S1501_C02_048M","Percent!!Margin of Error!!Some other race alone!!Bachelor's degree or higher"
"S1501_C03_048E","Male!!Estimate!!Some other race alone!!Bachelor's degree or higher"
"S1501_C03_048M","Male!!Margin of Error!!Some other race alone!!Bachelor's degree or higher"
"S1501_C04_048E","Percent Male!!Estimate!!Some other race alone!!Bachelor's degree or higher"
"S1501_C04_048M","Percent Male!!Margin of Error!!Some other race alone!!Bachelor's degree or higher"
"S1501_C05_048E","Female!!Estimate!!Some other race alone!!Bachelor's degree or higher"
"S1501_C05_048M","Female!!Margin of Error!!Some other race alone!!Bachelor's degree or higher"
"S1501_C06_048E","Percent Female!!Estimate!!Some other race alone!!Bachelor's degree or higher"
"S1501_C06_048M","Percent Female!!Margin of Error!!Some other race alone!!Bachelor's degree or higher"
"S1501_C01_049E","Total!!Estimate!!Two or more races"
"S1501_C01_049M","Total!!Margin of Error!!Two or more races"
"S1501_C02_049E","Percent!!Estimate!!Two or more races"
"S1501_C02_049M","Percent!!Margin of Error!!Two or more races"
"S1501_C03_049E","Male!!Estimate!!Two or more races"
"S1501_C03_049M","Male!!Margin of Error!!Two or more races"
"S1501_C04_049E","Percent Male!!Estimate!!Two or more races"
"S1501_C04_049M","Percent Male!!Margin of Error!!Two or more races"
"S1501_C05_049E","Female!!Estimate!!Two or more races"
"S1501_C05_049M","Female!!Margin of Error!!Two or more races"
"S1501_C06_049E","Percent Female!!Estimate!!Two or more races"
"S1501_C06_049M","Percent Female!!Margin of Error!!Two or more races"
"S1501_C01_050E","Total!!Estimate!!Two or more races!!High school graduate or higher"
"S1501_C01_050M","Total!!Margin of Error!!Two or more races!!High school graduate or higher"
"S1501_C02_050E","Percent!!Estimate!!Two or more races!!High school graduate or higher"
"S1501_C02_050M","Percent!!Margin of Error!!Two or more races!!High school graduate or higher"
"S1501_C03_050E","Male!!Estimate!!Two or more races!!High school graduate or higher"
"S1501_C03_050M","Male!!Margin of Error!!Two or more races!!High school graduate or higher"
"S1501_C04_050E","Percent Male!!Estimate!!Two or more races!!High school graduate or higher"
"S1501_C04_050M","Percent Male!!Margin of Error!!Two or more races!!High school graduate or higher"
"S1501_C05_050E","Female!!Estimate!!Two or more races!!High school graduate or higher"
"S1501_C05_050M","Female!!Margin of Error!!Two or more races!!High school graduate or higher"
"S1501_C06_050E","Percent Female!!Estimate!!Two or more races!!High school graduate or higher"
"S1501_C06_050M","Percent Female!!Margin of Error!!Two or more races!!High school graduate or higher"
"S1501_C01_051E","Total!!Estimate!!Two or more races!!Bachelor's degree or higher"
"S1501_C01_051M","Total!!Margin of Error!!Two or more races!!Bachelor's degree or higher"
"S1501_C02_051E","Percent!!Estimate!!Two or more races!!Bachelor's degree or higher"
"S1501_C02_051M","Percent!!Margin of Error!!Two or more races!!Bachelor's degree or higher"
"S1501_C03_051E","Male!!Estimate!!Two or more races!!Bachelor's degree or higher"
"S1501_C03_051M","Male!!Margin of Error!!Two or more races!!Bachelor's degree or higher"
"S1501_C04_051E","Percent Male!!Estimate!!Two or more races!!Bachelor's degree or higher"
"S1501_C04_051M","Percent Male!!Margin of Error!!Two or more races!!Bachelor's degree or higher"
"S1501_C05_051E","Female!!Estimate!!Two or more races!!Bachelor's degree or higher"
"S1501_C05_051M","Female!!Margin of Error!!Two or more races!!Bachelor's degree or higher"
"S1501_C06_051E","Percent Female!!Estimate!!Two or more races!!Bachelor's degree or higher"
"S1501_C06_051M","Percent Female!!Margin of Error!!Two or more races!!Bachelor's degree or higher"
"S1501_C01_052E","Total!!Estimate!!Hispanic or Latino Origin"
"S1501_C01_052M","Total!!Margin of Error!!Hispanic or Latino Origin"
"S1501_C02_052E","Percent!!Estimate!!Hispanic or Latino Origin"
"S1501_C02_052M","Percent!!Margin of Error!!Hispanic or Latino Origin"
"S1501_C03_052E","Male!!Estimate!!Hispanic or Latino Origin"
"S1501_C03_052M","Male!!Margin of Error!!Hispanic or Latino Origin"
"S1501_C04_052E","Percent Male!!Estimate!!Hispanic or Latino Origin"
"S1501_C04_052M","Percent Male!!Margin of Error!!Hispanic or Latino Origin"
"S1501_C05_052E","Female!!Estimate!!Hispanic or Latino Origin"
"S1501_C05_052M","Female!!Margin of Error!!Hispanic or Latino Origin"
"S1501_C06_052E","Percent Female!!Estimate!!Hispanic or Latino Origin"
"S1501_C06_052M","Percent Female!!Margin of Error!!Hispanic or Latino Origin"
"S1501_C01_053E","Total!!Estimate!!Hispanic or Latino Origin!!High school graduate or higher"
"S1501_C01_053M","Total!!Margin of Error!!Hispanic or Latino Origin!!High school graduate or higher"
"S1501_C02_053E","Percent!!Estimate!!Hispanic or Latino Origin!!High school graduate or higher"
"S1501_C02_053M","Percent!!Margin of Error!!Hispanic or Latino Origin!!High school graduate or higher"
"S1501_C03_053E","Male!!Estimate!!Hispanic or Latino Origin!!High school graduate or higher"
"S1501_C03_053M","Male!!Margin of Error!!Hispanic or Latino Origin!!High school graduate or higher"
"S1501_C04_053E","Percent Male!!Estimate!!Hispanic or Latino Origin!!High school graduate or higher"
"S1501_C04_053M","Percent Male!!Margin of Error!!Hispanic or Latino Origin!!High school graduate or higher"
"S1501_C05_053E","Female!!Estimate!!Hispanic or Latino Origin!!High school graduate or higher"
"S1501_C05_053M","Female!!Margin of Error!!Hispanic or Latino Origin!!High school graduate or higher"
"S1501_C06_053E","Percent Female!!Estimate!!Hispanic or Latino Origin!!High school graduate or higher"
"S1501_C06_053M","Percent Female!!Margin of Error!!Hispanic or Latino Origin!!High school graduate or higher"
"S1501_C01_054E","Total!!Estimate!!Hispanic or Latino Origin!!Bachelor's degree or higher"
"S1501_C01_054M","Total!!Margin of Error!!Hispanic or Latino Origin!!Bachelor's degree or higher"
"S1501_C02_054E","Percent!!Estimate!!Hispanic or Latino Origin!!Bachelor's degree or higher"
"S1501_C02_054M","Percent!!Margin of Error!!Hispanic or Latino Origin!!Bachelor's degree or higher"
"S1501_C03_054E","Male!!Estimate!!Hispanic or Latino Origin!!Bachelor's degree or higher"
"S1501_C03_054M","Male!!Margin of Error!!Hispanic or Latino Origin!!Bachelor's degree or higher"
"S1501_C04_054E","Percent Male!!Estimate!!Hispanic or Latino Origin!!Bachelor's degree or higher"
"S1501_C04_054M","Percent Male!!Margin of Error!!Hispanic or Latino Origin!!Bachelor's degree or higher"
"S1501_C05_054E","Female!!Estimate!!Hispanic or Latino Origin!!Bachelor's degree or higher"
"S1501_C05_054M","Female!!Margin of Error!!Hispanic or Latino Origin!!Bachelor's degree or higher"
"S1501_C06_054E","Percent Female!!Estimate!!Hispanic or Latino Origin!!Bachelor's degree or higher"
"S1501_C06_054M","Percent Female!!Margin of Error!!Hispanic or Latino Origin!!Bachelor's degree or higher"
"S1501_C01_055E","Total!!Estimate!!POVERTY RATE FOR THE POPULATION 25 YEARS AND OVER FOR WHOM POVERTY STATUS IS DETERMINED BY EDUCATIONAL ATTAINMENT LEVEL!!Less than high school graduate"
"S1501_C01_055M","Total!!Margin of Error!!POVERTY RATE FOR THE POPULATION 25 YEARS AND OVER FOR WHOM POVERTY STATUS IS DETERMINED BY EDUCATIONAL ATTAINMENT LEVEL!!Less than high school graduate"
"S1501_C02_055E","Percent!!Estimate!!POVERTY RATE FOR THE POPULATION 25 YEARS AND OVER FOR WHOM POVERTY STATUS IS DETERMINED BY EDUCATIONAL ATTAINMENT LEVEL!!Less than high school graduate"
"S1501_C02_055M","Percent!!Margin of Error!!POVERTY RATE FOR THE POPULATION 25 YEARS AND OVER FOR WHOM POVERTY STATUS IS DETERMINED BY EDUCATIONAL ATTAINMENT LEVEL!!Less than high school graduate"
"S1501_C03_055E","Male!!Estimate!!POVERTY RATE FOR THE POPULATION 25 YEARS AND OVER FOR WHOM POVERTY STATUS IS DETERMINED BY EDUCATIONAL ATTAINMENT LEVEL!!Less than high school graduate"
"S1501_C03_055M","Male!!Margin of Error!!POVERTY RATE FOR THE POPULATION 25 YEARS AND OVER FOR WHOM POVERTY STATUS IS DETERMINED BY EDUCATIONAL ATTAINMENT LEVEL!!Less than high school graduate"
"S1501_C04_055E","Percent Male!!Estimate!!POVERTY RATE FOR THE POPULATION 25 YEARS AND OVER FOR WHOM POVERTY STATUS IS DETERMINED BY EDUCATIONAL ATTAINMENT LEVEL!!Less than high school graduate"
"S1501_C04_055M","Percent Male!!Margin of Error!!POVERTY RATE FOR THE POPULATION 25 YEARS AND OVER FOR WHOM POVERTY STATUS IS DETERMINED BY EDUCATIONAL ATTAINMENT LEVEL!!Less than high school graduate"
"S1501_C05_055E","Female!!Estimate!!POVERTY RATE FOR THE POPULATION 25 YEARS AND OVER FOR WHOM POVERTY STATUS IS DETERMINED BY EDUCATIONAL ATTAINMENT LEVEL!!Less than high school graduate"
"S1501_C05_055M","Female!!Margin of Error!!POVERTY RATE FOR THE POPULATION 25 YEARS AND OVER FOR WHOM POVERTY STATUS IS DETERMINED BY EDUCATIONAL ATTAINMENT LEVEL!!Less than high school graduate"
"S1501_C06_055E","Percent Female!!Estimate!!POVERTY RATE FOR THE POPULATION 25 YEARS AND OVER FOR WHOM POVERTY STATUS IS DETERMINED BY EDUCATIONAL ATTAINMENT LEVEL!!Less than high school graduate"
"S1501_C06_055M","Percent Female!!Margin of Error!!POVERTY RATE FOR THE POPULATION 25 YEARS AND OVER FOR WHOM POVERTY STATUS IS DETERMINED BY EDUCATIONAL ATTAINMENT LEVEL!!Less than high school graduate"
"S1501_C01_056E","Total!!Estimate!!POVERTY RATE FOR THE POPULATION 25 YEARS AND OVER FOR WHOM POVERTY STATUS IS DETERMINED BY EDUCATIONAL ATTAINMENT LEVEL!!High school graduate (includes equivalency)"
"S1501_C01_056M","Total!!Margin of Error!!POVERTY RATE FOR THE POPULATION 25 YEARS AND OVER FOR WHOM POVERTY STATUS IS DETERMINED BY EDUCATIONAL ATTAINMENT LEVEL!!High school graduate (includes equivalency)"
"S1501_C02_056E","Percent!!Estimate!!POVERTY RATE FOR THE POPULATION 25 YEARS AND OVER FOR WHOM POVERTY STATUS IS DETERMINED BY EDUCATIONAL ATTAINMENT LEVEL!!High school graduate (includes equivalency)"
"S1501_C02_056M","Percent!!Margin of Error!!POVERTY RATE FOR THE POPULATION 25 YEARS AND OVER FOR WHOM POVERTY STATUS IS DETERMINED BY EDUCATIONAL ATTAINMENT LEVEL!!High school graduate (includes equivalency)"
"S1501_C03_056E","Male!!Estimate!!POVERTY RATE FOR THE POPULATION 25 YEARS AND OVER FOR WHOM POVERTY STATUS IS DETERMINED BY EDUCATIONAL ATTAINMENT LEVEL!!High school graduate (includes equivalency)"
"S1501_C03_056M","Male!!Margin of Error!!POVERTY RATE FOR THE POPULATION 25 YEARS AND OVER FOR WHOM POVERTY STATUS IS DETERMINED BY EDUCATIONAL ATTAINMENT LEVEL!!High school graduate (includes equivalency)"
"S1501_C04_056E","Percent Male!!Estimate!!POVERTY RATE FOR THE POPULATION 25 YEARS AND OVER FOR WHOM POVERTY STATUS IS DETERMINED BY EDUCATIONAL ATTAINMENT LEVEL!!High school graduate (includes equivalency)"
"S1501_C04_056M","Percent Male!!Margin of Error!!POVERTY RATE FOR THE POPULATION 25 YEARS AND OVER FOR WHOM POVERTY STATUS IS DETERMINED BY EDUCATIONAL ATTAINMENT LEVEL!!High school graduate (includes equivalency)"
"S1501_C05_056E","Female!!Estimate!!POVERTY RATE FOR THE POPULATION 25 YEARS AND OVER FOR WHOM POVERTY STATUS IS DETERMINED BY EDUCATIONAL ATTAINMENT LEVEL!!High school graduate (includes equivalency)"
"S1501_C05_056M","Female!!Margin of Error!!POVERTY RATE FOR THE POPULATION 25 YEARS AND OVER FOR WHOM POVERTY STATUS IS DETERMINED BY EDUCATIONAL ATTAINMENT LEVEL!!High school graduate (includes equivalency)"
"S1501_C06_056E","Percent Female!!Estimate!!POVERTY RATE FOR THE POPULATION 25 YEARS AND OVER FOR WHOM POVERTY STATUS IS DETERMINED BY EDUCATIONAL ATTAINMENT LEVEL!!High school graduate (includes equivalency)"
"S1501_C06_056M","Percent Female!!Margin of Error!!POVERTY RATE FOR THE POPULATION 25 YEARS AND OVER FOR WHOM POVERTY STATUS IS DETERMINED BY EDUCATIONAL ATTAINMENT LEVEL!!High school graduate (includes equivalency)"
"S1501_C01_057E","Total!!Estimate!!POVERTY RATE FOR THE POPULATION 25 YEARS AND OVER FOR WHOM POVERTY STATUS IS DETERMINED BY EDUCATIONAL ATTAINMENT LEVEL!!Some college or associate's degree"
"S1501_C01_057M","Total!!Margin of Error!!POVERTY RATE FOR THE POPULATION 25 YEARS AND OVER FOR WHOM POVERTY STATUS IS DETERMINED BY EDUCATIONAL ATTAINMENT LEVEL!!Some college or associate's degree"
"S1501_C02_057E","Percent!!Estimate!!POVERTY RATE FOR THE POPULATION 25 YEARS AND OVER FOR WHOM POVERTY STATUS IS DETERMINED BY EDUCATIONAL ATTAINMENT LEVEL!!Some college or associate's degree"
"S1501_C02_057M","Percent!!Margin of Error!!POVERTY RATE FOR THE POPULATION 25 YEARS AND OVER FOR WHOM POVERTY STATUS IS DETERMINED BY EDUCATIONAL ATTAINMENT LEVEL!!Some college or associate's degree"
"S1501_C03_057E","Male!!Estimate!!POVERTY RATE FOR THE POPULATION 25 YEARS AND OVER FOR WHOM POVERTY STATUS IS DETERMINED BY EDUCATIONAL ATTAINMENT LEVEL!!Some college or associate's degree"
"S1501_C03_057M","Male!!Margin of Error!!POVERTY RATE FOR THE POPULATION 25 YEARS AND OVER FOR WHOM POVERTY STATUS IS DETERMINED BY EDUCATIONAL ATTAINMENT LEVEL!!Some college or associate's degree"
"S1501_C04_057E","Percent Male!!Estimate!!POVERTY RATE FOR THE POPULATION 25 YEARS AND OVER FOR WHOM POVERTY STATUS IS DETERMINED BY EDUCATIONAL ATTAINMENT LEVEL!!Some college or associate's degree"
"S1501_C04_057M","Percent Male!!Margin of Error!!POVERTY RATE FOR THE POPULATION 25 YEARS AND OVER FOR WHOM POVERTY STATUS IS DETERMINED BY EDUCATIONAL ATTAINMENT LEVEL!!Some college or associate's degree"
"S1501_C05_057E","Female!!Estimate!!POVERTY RATE FOR THE POPULATION 25 YEARS AND OVER FOR WHOM POVERTY STATUS IS DETERMINED BY EDUCATIONAL ATTAINMENT LEVEL!!Some college or associate's degree"
"S1501_C05_057M","Female!!Margin of Error!!POVERTY RATE FOR THE POPULATION 25 YEARS AND OVER FOR WHOM POVERTY STATUS IS DETERMINED BY EDUCATIONAL ATTAINMENT LEVEL!!Some college or associate's degree"
"S1501_C06_057E","Percent Female!!Estimate!!POVERTY RATE FOR THE POPULATION 25 YEARS AND OVER FOR WHOM POVERTY STATUS IS DETERMINED BY EDUCATIONAL ATTAINMENT LEVEL!!Some college or associate's degree"
"S1501_C06_057M","Percent Female!!Margin of Error!!POVERTY RATE FOR THE POPULATION 25 YEARS AND OVER FOR WHOM POVERTY STATUS IS DETERMINED BY EDUCATIONAL ATTAINMENT LEVEL!!Some college or associate's degree"
"S1501_C01_058E","Total!!Estimate!!POVERTY RATE FOR THE POPULATION 25 YEARS AND OVER FOR WHOM POVERTY STATUS IS DETERMINED BY EDUCATIONAL ATTAINMENT LEVEL!!Bachelor's degree or higher"
"S1501_C01_058M","Total!!Margin of Error!!POVERTY RATE FOR THE POPULATION 25 YEARS AND OVER FOR WHOM POVERTY STATUS IS DETERMINED BY EDUCATIONAL ATTAINMENT LEVEL!!Bachelor's degree or higher"
"S1501_C02_058E","Percent!!Estimate!!POVERTY RATE FOR THE POPULATION 25 YEARS AND OVER FOR WHOM POVERTY STATUS IS DETERMINED BY EDUCATIONAL ATTAINMENT LEVEL!!Bachelor's degree or higher"
"S1501_C02_058M","Percent!!Margin of Error!!POVERTY RATE FOR THE POPULATION 25 YEARS AND OVER FOR WHOM POVERTY STATUS IS DETERMINED BY EDUCATIONAL ATTAINMENT LEVEL!!Bachelor's degree or higher"
"S1501_C03_058E","Male!!Estimate!!POVERTY RATE FOR THE POPULATION 25 YEARS AND OVER FOR WHOM POVERTY STATUS IS DETERMINED BY EDUCATIONAL ATTAINMENT LEVEL!!Bachelor's degree or higher"
"S1501_C03_058M","Male!!Margin of Error!!POVERTY RATE FOR THE POPULATION 25 YEARS AND OVER FOR WHOM POVERTY STATUS IS DETERMINED BY EDUCATIONAL ATTAINMENT LEVEL!!Bachelor's degree or higher"
"S1501_C04_058E","Percent Male!!Estimate!!POVERTY RATE FOR THE POPULATION 25 YEARS AND OVER FOR WHOM POVERTY STATUS IS DETERMINED BY EDUCATIONAL ATTAINMENT LEVEL!!Bachelor's degree or higher"
"S1501_C04_058M","Percent Male!!Margin of Error!!POVERTY RATE FOR THE POPULATION 25 YEARS AND OVER FOR WHOM POVERTY STATUS IS DETERMINED BY EDUCATIONAL ATTAINMENT LEVEL!!Bachelor's degree or higher"
"S1501_C05_058E","Female!!Estimate!!POVERTY RATE FOR THE POPULATION 25 YEARS AND OVER FOR WHOM POVERTY STATUS IS DETERMINED BY EDUCATIONAL ATTAINMENT LEVEL!!Bachelor's degree or higher"
"S1501_C05_058M","Female!!Margin of Error!!POVERTY RATE FOR THE POPULATION 25 YEARS AND OVER FOR WHOM POVERTY STATUS IS DETERMINED BY EDUCATIONAL ATTAINMENT LEVEL!!Bachelor's degree or higher"
"S1501_C06_058E","Percent Female!!Estimate!!POVERTY RATE FOR THE POPULATION 25 YEARS AND OVER FOR WHOM POVERTY STATUS IS DETERMINED BY EDUCATIONAL ATTAINMENT LEVEL!!Bachelor's degree or higher"
"S1501_C06_058M","Percent Female!!Margin of Error!!POVERTY RATE FOR THE POPULATION 25 YEARS AND OVER FOR WHOM POVERTY STATUS IS DETERMINED BY EDUCATIONAL ATTAINMENT LEVEL!!Bachelor's degree or higher"
"S1501_C01_059E","Total!!Estimate!!MEDIAN EARNINGS IN THE PAST 12 MONTHS (IN 2017 INFLATION-ADJUSTED DOLLARS)!!Population 25 years and over with earnings"
"S1501_C01_059M","Total!!Margin of Error!!MEDIAN EARNINGS IN THE PAST 12 MONTHS (IN 2017 INFLATION-ADJUSTED DOLLARS)!!Population 25 years and over with earnings"
"S1501_C02_059E","Percent!!Estimate!!MEDIAN EARNINGS IN THE PAST 12 MONTHS (IN 2017 INFLATION-ADJUSTED DOLLARS)!!Population 25 years and over with earnings"
"S1501_C02_059M","Percent!!Margin of Error!!MEDIAN EARNINGS IN THE PAST 12 MONTHS (IN 2017 INFLATION-ADJUSTED DOLLARS)!!Population 25 years and over with earnings"
"S1501_C03_059E","Male!!Estimate!!MEDIAN EARNINGS IN THE PAST 12 MONTHS (IN 2017 INFLATION-ADJUSTED DOLLARS)!!Population 25 years and over with earnings"
"S1501_C03_059M","Male!!Margin of Error!!MEDIAN EARNINGS IN THE PAST 12 MONTHS (IN 2017 INFLATION-ADJUSTED DOLLARS)!!Population 25 years and over with earnings"
"S1501_C04_059E","Percent Male!!Estimate!!MEDIAN EARNINGS IN THE PAST 12 MONTHS (IN 2017 INFLATION-ADJUSTED DOLLARS)!!Population 25 years and over with earnings"
"S1501_C04_059M","Percent Male!!Margin of Error!!MEDIAN EARNINGS IN THE PAST 12 MONTHS (IN 2017 INFLATION-ADJUSTED DOLLARS)!!Population 25 years and over with earnings"
"S1501_C05_059E","Female!!Estimate!!MEDIAN EARNINGS IN THE PAST 12 MONTHS (IN 2017 INFLATION-ADJUSTED DOLLARS)!!Population 25 years and over with earnings"
"S1501_C05_059M","Female!!Margin of Error!!MEDIAN EARNINGS IN THE PAST 12 MONTHS (IN 2017 INFLATION-ADJUSTED DOLLARS)!!Population 25 years and over with earnings"
"S1501_C06_059E","Percent Female!!Estimate!!MEDIAN EARNINGS IN THE PAST 12 MONTHS (IN 2017 INFLATION-ADJUSTED DOLLARS)!!Population 25 years and over with earnings"
"S1501_C06_059M","Percent Female!!Margin of Error!!MEDIAN EARNINGS IN THE PAST 12 MONTHS (IN 2017 INFLATION-ADJUSTED DOLLARS)!!Population 25 years and over with earnings"
"S1501_C01_060E","Total!!Estimate!!MEDIAN EARNINGS IN THE PAST 12 MONTHS (IN 2017 INFLATION-ADJUSTED DOLLARS)!!Population 25 years and over with earnings!!Less than high school graduate"
"S1501_C01_060M","Total!!Margin of Error!!MEDIAN EARNINGS IN THE PAST 12 MONTHS (IN 2017 INFLATION-ADJUSTED DOLLARS)!!Population 25 years and over with earnings!!Less than high school graduate"
"S1501_C02_060E","Percent!!Estimate!!MEDIAN EARNINGS IN THE PAST 12 MONTHS (IN 2017 INFLATION-ADJUSTED DOLLARS)!!Population 25 years and over with earnings!!Less than high school graduate"
"S1501_C02_060M","Percent!!Margin of Error!!MEDIAN EARNINGS IN THE PAST 12 MONTHS (IN 2017 INFLATION-ADJUSTED DOLLARS)!!Population 25 years and over with earnings!!Less than high school graduate"
"S1501_C03_060E","Male!!Estimate!!MEDIAN EARNINGS IN THE PAST 12 MONTHS (IN 2017 INFLATION-ADJUSTED DOLLARS)!!Population 25 years and over with earnings!!Less than high school graduate"
"S1501_C03_060M","Male!!Margin of Error!!MEDIAN EARNINGS IN THE PAST 12 MONTHS (IN 2017 INFLATION-ADJUSTED DOLLARS)!!Population 25 years and over with earnings!!Less than high school graduate"
"S1501_C04_060E","Percent Male!!Estimate!!MEDIAN EARNINGS IN THE PAST 12 MONTHS (IN 2017 INFLATION-ADJUSTED DOLLARS)!!Population 25 years and over with earnings!!Less than high school graduate"
"S1501_C04_060M","Percent Male!!Margin of Error!!MEDIAN EARNINGS IN THE PAST 12 MONTHS (IN 2017 INFLATION-ADJUSTED DOLLARS)!!Population 25 years and over with earnings!!Less than high school graduate"
"S1501_C05_060E","Female!!Estimate!!MEDIAN EARNINGS IN THE PAST 12 MONTHS (IN 2017 INFLATION-ADJUSTED DOLLARS)!!Population 25 years and over with earnings!!Less than high school graduate"
"S1501_C05_060M","Female!!Margin of Error!!MEDIAN EARNINGS IN THE PAST 12 MONTHS (IN 2017 INFLATION-ADJUSTED DOLLARS)!!Population 25 years and over with earnings!!Less than high school graduate"
"S1501_C06_060E","Percent Female!!Estimate!!MEDIAN EARNINGS IN THE PAST 12 MONTHS (IN 2017 INFLATION-ADJUSTED DOLLARS)!!Population 25 years and over with earnings!!Less than high school graduate"
"S1501_C06_060M","Percent Female!!Margin of Error!!MEDIAN EARNINGS IN THE PAST 12 MONTHS (IN 2017 INFLATION-ADJUSTED DOLLARS)!!Population 25 years and over with earnings!!Less than high school graduate"
"S1501_C01_061E","Total!!Estimate!!MEDIAN EARNINGS IN THE PAST 12 MONTHS (IN 2017 INFLATION-ADJUSTED DOLLARS)!!Population 25 years and over with earnings!!High school graduate (includes equivalency)"
"S1501_C01_061M","Total!!Margin of Error!!MEDIAN EARNINGS IN THE PAST 12 MONTHS (IN 2017 INFLATION-ADJUSTED DOLLARS)!!Population 25 years and over with earnings!!High school graduate (includes equivalency)"
"S1501_C02_061E","Percent!!Estimate!!MEDIAN EARNINGS IN THE PAST 12 MONTHS (IN 2017 INFLATION-ADJUSTED DOLLARS)!!Population 25 years and over with earnings!!High school graduate (includes equivalency)"
"S1501_C02_061M","Percent!!Margin of Error!!MEDIAN EARNINGS IN THE PAST 12 MONTHS (IN 2017 INFLATION-ADJUSTED DOLLARS)!!Population 25 years and over with earnings!!High school graduate (includes equivalency)"
"S1501_C03_061E","Male!!Estimate!!MEDIAN EARNINGS IN THE PAST 12 MONTHS (IN 2017 INFLATION-ADJUSTED DOLLARS)!!Population 25 years and over with earnings!!High school graduate (includes equivalency)"
"S1501_C03_061M","Male!!Margin of Error!!MEDIAN EARNINGS IN THE PAST 12 MONTHS (IN 2017 INFLATION-ADJUSTED DOLLARS)!!Population 25 years and over with earnings!!High school graduate (includes equivalency)"
"S1501_C04_061E","Percent Male!!Estimate!!MEDIAN EARNINGS IN THE PAST 12 MONTHS (IN 2017 INFLATION-ADJUSTED DOLLARS)!!Population 25 years and over with earnings!!High school graduate (includes equivalency)"
"S1501_C04_061M","Percent Male!!Margin of Error!!MEDIAN EARNINGS IN THE PAST 12 MONTHS (IN 2017 INFLATION-ADJUSTED DOLLARS)!!Population 25 years and over with earnings!!High school graduate (includes equivalency)"
"S1501_C05_061E","Female!!Estimate!!MEDIAN EARNINGS IN THE PAST 12 MONTHS (IN 2017 INFLATION-ADJUSTED DOLLARS)!!Population 25 years and over with earnings!!High school graduate (includes equivalency)"
"S1501_C05_061M","Female!!Margin of Error!!MEDIAN EARNINGS IN THE PAST 12 MONTHS (IN 2017 INFLATION-ADJUSTED DOLLARS)!!Population 25 years and over with earnings!!High school graduate (includes equivalency)"
"S1501_C06_061E","Percent Female!!Estimate!!MEDIAN EARNINGS IN THE PAST 12 MONTHS (IN 2017 INFLATION-ADJUSTED DOLLARS)!!Population 25 years and over with earnings!!High school graduate (includes equivalency)"
"S1501_C06_061M","Percent Female!!Margin of Error!!MEDIAN EARNINGS IN THE PAST 12 MONTHS (IN 2017 INFLATION-ADJUSTED DOLLARS)!!Population 25 years and over with earnings!!High school graduate (includes equivalency)"
"S1501_C01_062E","Total!!Estimate!!MEDIAN EARNINGS IN THE PAST 12 MONTHS (IN 2017 INFLATION-ADJUSTED DOLLARS)!!Population 25 years and over with earnings!!Some college or associate's degree"
"S1501_C01_062M","Total!!Margin of Error!!MEDIAN EARNINGS IN THE PAST 12 MONTHS (IN 2017 INFLATION-ADJUSTED DOLLARS)!!Population 25 years and over with earnings!!Some college or associate's degree"
"S1501_C02_062E","Percent!!Estimate!!MEDIAN EARNINGS IN THE PAST 12 MONTHS (IN 2017 INFLATION-ADJUSTED DOLLARS)!!Population 25 years and over with earnings!!Some college or associate's degree"
"S1501_C02_062M","Percent!!Margin of Error!!MEDIAN EARNINGS IN THE PAST 12 MONTHS (IN 2017 INFLATION-ADJUSTED DOLLARS)!!Population 25 years and over with earnings!!Some college or associate's degree"
"S1501_C03_062E","Male!!Estimate!!MEDIAN EARNINGS IN THE PAST 12 MONTHS (IN 2017 INFLATION-ADJUSTED DOLLARS)!!Population 25 years and over with earnings!!Some college or associate's degree"
"S1501_C03_062M","Male!!Margin of Error!!MEDIAN EARNINGS IN THE PAST 12 MONTHS (IN 2017 INFLATION-ADJUSTED DOLLARS)!!Population 25 years and over with earnings!!Some college or associate's degree"
"S1501_C04_062E","Percent Male!!Estimate!!MEDIAN EARNINGS IN THE PAST 12 MONTHS (IN 2017 INFLATION-ADJUSTED DOLLARS)!!Population 25 years and over with earnings!!Some college or associate's degree"
"S1501_C04_062M","Percent Male!!Margin of Error!!MEDIAN EARNINGS IN THE PAST 12 MONTHS (IN 2017 INFLATION-ADJUSTED DOLLARS)!!Population 25 years and over with earnings!!Some college or associate's degree"
"S1501_C05_062E","Female!!Estimate!!MEDIAN EARNINGS IN THE PAST 12 MONTHS (IN 2017 INFLATION-ADJUSTED DOLLARS)!!Population 25 years and over with earnings!!Some college or associate's degree"
"S1501_C05_062M","Female!!Margin of Error!!MEDIAN EARNINGS IN THE PAST 12 MONTHS (IN 2017 INFLATION-ADJUSTED DOLLARS)!!Population 25 years and over with earnings!!Some college or associate's degree"
"S1501_C06_062E","Percent Female!!Estimate!!MEDIAN EARNINGS IN THE PAST 12 MONTHS (IN 2017 INFLATION-ADJUSTED DOLLARS)!!Population 25 years and over with earnings!!Some college or associate's degree"
"S1501_C06_062M","Percent Female!!Margin of Error!!MEDIAN EARNINGS IN THE PAST 12 MONTHS (IN 2017 INFLATION-ADJUSTED DOLLARS)!!Population 25 years and over with earnings!!Some college or associate's degree"
"S1501_C01_063E","Total!!Estimate!!MEDIAN EARNINGS IN THE PAST 12 MONTHS (IN 2017 INFLATION-ADJUSTED DOLLARS)!!Population 25 years and over with earnings!!Bachelor's degree"
"S1501_C01_063M","Total!!Margin of Error!!MEDIAN EARNINGS IN THE PAST 12 MONTHS (IN 2017 INFLATION-ADJUSTED DOLLARS)!!Population 25 years and over with earnings!!Bachelor's degree"
"S1501_C02_063E","Percent!!Estimate!!MEDIAN EARNINGS IN THE PAST 12 MONTHS (IN 2017 INFLATION-ADJUSTED DOLLARS)!!Population 25 years and over with earnings!!Bachelor's degree"
"S1501_C02_063M","Percent!!Margin of Error!!MEDIAN EARNINGS IN THE PAST 12 MONTHS (IN 2017 INFLATION-ADJUSTED DOLLARS)!!Population 25 years and over with earnings!!Bachelor's degree"
"S1501_C03_063E","Male!!Estimate!!MEDIAN EARNINGS IN THE PAST 12 MONTHS (IN 2017 INFLATION-ADJUSTED DOLLARS)!!Population 25 years and over with earnings!!Bachelor's degree"
"S1501_C03_063M","Male!!Margin of Error!!MEDIAN EARNINGS IN THE PAST 12 MONTHS (IN 2017 INFLATION-ADJUSTED DOLLARS)!!Population 25 years and over with earnings!!Bachelor's degree"
"S1501_C04_063E","Percent Male!!Estimate!!MEDIAN EARNINGS IN THE PAST 12 MONTHS (IN 2017 INFLATION-ADJUSTED DOLLARS)!!Population 25 years and over with earnings!!Bachelor's degree"
"S1501_C04_063M","Percent Male!!Margin of Error!!MEDIAN EARNINGS IN THE PAST 12 MONTHS (IN 2017 INFLATION-ADJUSTED DOLLARS)!!Population 25 years and over with earnings!!Bachelor's degree"
"S1501_C05_063E","Female!!Estimate!!MEDIAN EARNINGS IN THE PAST 12 MONTHS (IN 2017 INFLATION-ADJUSTED DOLLARS)!!Population 25 years and over with earnings!!Bachelor's degree"
"S1501_C05_063M","Female!!Margin of Error!!MEDIAN EARNINGS IN THE PAST 12 MONTHS (IN 2017 INFLATION-ADJUSTED DOLLARS)!!Population 25 years and over with earnings!!Bachelor's degree"
"S1501_C06_063E","Percent Female!!Estimate!!MEDIAN EARNINGS IN THE PAST 12 MONTHS (IN 2017 INFLATION-ADJUSTED DOLLARS)!!Population 25 years and over with earnings!!Bachelor's degree"
"S1501_C06_063M","Percent Female!!Margin of Error!!MEDIAN EARNINGS IN THE PAST 12 MONTHS (IN 2017 INFLATION-ADJUSTED DOLLARS)!!Population 25 years and over with earnings!!Bachelor's degree"
"S1501_C01_064E","Total!!Estimate!!MEDIAN EARNINGS IN THE PAST 12 MONTHS (IN 2017 INFLATION-ADJUSTED DOLLARS)!!Population 25 years and over with earnings!!Graduate or professional degree"
"S1501_C01_064M","Total!!Margin of Error!!MEDIAN EARNINGS IN THE PAST 12 MONTHS (IN 2017 INFLATION-ADJUSTED DOLLARS)!!Population 25 years and over with earnings!!Graduate or professional degree"
"S1501_C02_064E","Percent!!Estimate!!MEDIAN EARNINGS IN THE PAST 12 MONTHS (IN 2017 INFLATION-ADJUSTED DOLLARS)!!Population 25 years and over with earnings!!Graduate or professional degree"
"S1501_C02_064M","Percent!!Margin of Error!!MEDIAN EARNINGS IN THE PAST 12 MONTHS (IN 2017 INFLATION-ADJUSTED DOLLARS)!!Population 25 years and over with earnings!!Graduate or professional degree"
"S1501_C03_064E","Male!!Estimate!!MEDIAN EARNINGS IN THE PAST 12 MONTHS (IN 2017 INFLATION-ADJUSTED DOLLARS)!!Population 25 years and over with earnings!!Graduate or professional degree"
"S1501_C03_064M","Male!!Margin of Error!!MEDIAN EARNINGS IN THE PAST 12 MONTHS (IN 2017 INFLATION-ADJUSTED DOLLARS)!!Population 25 years and over with earnings!!Graduate or professional degree"
"S1501_C04_064E","Percent Male!!Estimate!!MEDIAN EARNINGS IN THE PAST 12 MONTHS (IN 2017 INFLATION-ADJUSTED DOLLARS)!!Population 25 years and over with earnings!!Graduate or professional degree"
"S1501_C04_064M","Percent Male!!Margin of Error!!MEDIAN EARNINGS IN THE PAST 12 MONTHS (IN 2017 INFLATION-ADJUSTED DOLLARS)!!Population 25 years and over with earnings!!Graduate or professional degree"
"S1501_C05_064E","Female!!Estimate!!MEDIAN EARNINGS IN THE PAST 12 MONTHS (IN 2017 INFLATION-ADJUSTED DOLLARS)!!Population 25 years and over with earnings!!Graduate or professional degree"
"S1501_C05_064M","Female!!Margin of Error!!MEDIAN EARNINGS IN THE PAST 12 MONTHS (IN 2017 INFLATION-ADJUSTED DOLLARS)!!Population 25 years and over with earnings!!Graduate or professional degree"
"S1501_C06_064E","Percent Female!!Estimate!!MEDIAN EARNINGS IN THE PAST 12 MONTHS (IN 2017 INFLATION-ADJUSTED DOLLARS)!!Population 25 years and over with earnings!!Graduate or professional degree"
"S1501_C06_064M","Percent Female!!Margin of Error!!MEDIAN EARNINGS IN THE PAST 12 MONTHS (IN 2017 INFLATION-ADJUSTED DOLLARS)!!Population 25 years and over with earnings!!Graduate or professional degree"
